{
  "spec/api/flows/resolution_states_spec.rb": 19.45126247406006,
  "spec/api/reports/feedbacks_spec.rb": 4.140061616897583,
  "spec/api/reports/items_spec.rb": 85.09498977661133,
  "spec/services/inventory/update_status_with_formulas_spec.rb": 1.8575501441955566,
  "spec/api/reports/statuses_spec.rb": 2.26297926902771,
  "spec/models/inventory/category_spec.rb": 0.45096755027770996,
  "spec/services/inventory/formula_validator_spec.rb": 6.849061012268066,
  "spec/models/inventory/item_spec.rb": 2.123711347579956,
  "spec/models/step_spec.rb": 0.044023990631103516,
  "spec/models/flow_spec.rb": 0.14098358154296875,
  "spec/services/reports/status_control_spec.rb": 1.3619048595428467,
  "spec/models/reports/category_spec.rb": 0.4472064971923828,
  "spec/api/reports/comments_spec.rb": 8.27161192893982,
  "spec/api/search/inventory/categories_spec.rb": 1.9576761722564697,
  "spec/api/feature_flags_spec.rb": 0.37551283836364746,
  "spec/services/inventory/create_form_for_category_spec.rb": 1.6644337177276611,
  "spec/api/users_spec.rb": 13.798954963684082,
  "spec/models/inventory/field_spec.rb": 5.569520473480225,
  "spec/models/user_spec.rb": 12.071873664855957,
  "spec/api/reports/categories_spec.rb": 10.428910493850708,
  "spec/api/search/users_spec.rb": 14.112006664276123,
  "spec/api/search/inventory/items_spec.rb": 40.67372107505798,
  "spec/models/cases_log_entry_spec.rb": 0.04838395118713379,
  "spec/services/inventory/item_data_representer_spec.rb": 8.792906761169434,
  "spec/models/reports/item_spec.rb": 4.874454021453857,
  "spec/services/inventory/item_locking_spec.rb": 3.5845680236816406,
  "spec/models/inventory/section_spec.rb": 0.30786800384521484,
  "spec/models/case_spec.rb": 0.8558037281036377,
  "spec/services/inventory/update_item_from_category_spec.rb": 1.3683271408081055,
  "spec/api/inventory/items_spec.rb": 47.173094034194946,
  "spec/models/inventory/item_data_spec.rb": 0.7601029872894287,
  "spec/api/flows/steps/triggers/trigger_conditions_spec.rb": 5.357628107070923,
  "spec/models/access_key_spec.rb": 0.9438495635986328,
  "spec/api/groups_spec.rb": 8.655314445495605,
  "spec/models/inventory/formula_alert_spec.rb": 1.756152868270874,
  "spec/services/groups/update_permissions_spec.rb": 0.04358625411987305,
  "spec/models/inventory/formula_spec.rb": 0.24813389778137207,
  "spec/services/inventory/create_item_from_category_form_spec.rb": 3.470658540725708,
  "spec/models/inventory/status_spec.rb": 0.0336611270904541,
  "spec/models/user_ability_spec.rb": 2.066470146179199,
  "spec/services/reports/change_item_category_spec.rb": 0.9666619300842285,
  "spec/api/inventory/statuses_spec.rb": 2.0733237266540527,
  "spec/services/reports/get_stats_spec.rb": 14.408846139907837,
  "spec/services/inventory/category_locking_spec.rb": 2.6702983379364014,
  "spec/api/flows/steps/fields_spec.rb": 46.78205609321594,
  "spec/models/reports/feedback_spec.rb": 2.1633102893829346,
  "spec/api/search/groups_spec.rb": 0.35244202613830566,
  "spec/services/list_users_spec.rb": 29.88693618774414,
  "spec/models/group_spec.rb": 0.39961695671081543,
  "spec/services/inventory/render_item_with_data_spec.rb": 0.5545120239257812,
  "spec/models/field_spec.rb": 0.17764830589294434,
  "spec/api/flows/steps_spec.rb": 53.697651863098145,
  "spec/api/inventory/categories_spec.rb": 16.00484609603882,
  "spec/api/flows_spec.rb": 47.37800669670105,
  "spec/api/inventory/formulas_spec.rb": 6.02589225769043,
  "spec/api/search/reports/items_spec.rb": 22.594924211502075,
  "spec/services/reports/update_item_status_spec.rb": 1.872101068496704,
  "spec/models/trigger_condition_spec.rb": 0.04182314872741699,
  "spec/models/trigger_spec.rb": 0.09785938262939453,
  "spec/api/reports/stats_spec.rb": 23.4617702960968,
  "spec/api/flows/steps/triggers_spec.rb": 34.21632146835327,
  "spec/api/cases_spec.rb": 156.42245650291443
}