{
  "spec/services/inventory/render_item_with_data_spec.rb" : 0.92531824111938477,
  "spec/api/users_spec.rb" : 13.981860876083374,
  "spec/models/inventory/status_spec.rb" : 0.11698079109191895,
  "spec/api/reports/comments_spec.rb" : 8.2477400302886963,
  "spec/api/search/groups_spec.rb" : 0.32680296897888184,
  "spec/models/reports/feedback_spec.rb" : 2.5799434185028076,
  "spec/models/user_ability_spec.rb" : 1.7494018077850342,
  "spec/api/inventory/formulas_spec.rb" : 5.5386676788330078,
  "spec/models/inventory/section_spec.rb" : 0.52730107307434082,
  "spec/api/inventory/field_options_spec.rb" : 2.6883115768432617,
  "spec/services/reports/create_history_entry_spec.rb" : 1.7690551280975342,
  "spec/models/access_key_spec.rb" : 0.86351490020751953,
  "spec/api/search/reports/items_spec.rb" : 21.319372653961182,
  "spec/api/reports/stats_spec.rb" : 20.668522119522095,
  "spec/services/groups/permission_manager_spec.rb" : 0.48908686637878418,
  "spec/api/flows/resolution_states_spec.rb" : 15.999795436859131,
  "spec/api/feature_flags_spec.rb" : 0.34082698822021484,
  "spec/services/inventory/category_locking_spec.rb" : 1.6661121845245361,
  "spec/api/search/inventory/items_spec.rb" : 42.777235507965088,
  "spec/services/inventory/create_history_entry_spec.rb" : 3.8668403625488281,
  "spec/services/groups/update_permissions_spec.rb" : 0.043160915374755859,
  "spec/models/user_spec.rb" : 10.309659242630005,
  "spec/api/reports/feedbacks_spec.rb" : 3.4126400947570801,
  "spec/services/reports/change_item_category_spec.rb" : 0.84838294982910156,
  "spec/services/reports/status_control_spec.rb" : 1.2989101409912109,
  "spec/models/flow_spec.rb" : 0.042939186096191406,
  "spec/services/reports/create_item_from_webhook_spec.rb" : 0.21701693534851074,
  "spec/api/inventory/categories_spec.rb" : 12.974969148635864,
  "spec/models/inventory/formula_spec.rb" : 0.23961281776428223,
  "spec/services/inventory/update_item_data_spec.rb" : 1.6604049205780029,
  "spec/api/inventory/item_histories_spec.rb" : 9.5329039096832275,
  "spec/services/inventory/clusterize_items_spec.rb" : 3.3869860172271729,
  "spec/api/reports/items_spec.rb" : 65.050622463226318,
  "spec/api/flows/steps/triggers_spec.rb" : 24.186161756515503,
  "spec/services/list_users_spec.rb" : 26.331435918807983,
  "spec/models/field_spec.rb" : 0.081015825271606445,
  "spec/models/case_spec.rb" : 0.69906711578369141,
  "spec/models/reports/item_spec.rb" : 3.8446063995361328,
  "spec/models/concerns/unsubscribeable_spec.rb" : 0.0289764404296875,
  "spec/api/reports/item_histories_spec.rb" : 8.6673121452331543,
  "spec/workers/execute_formula_for_category_spec.rb" : 0.76067495346069336,
  "spec/api/reports/statuses_spec.rb" : 1.7932782173156738,
  "spec/models/inventory/category_spec.rb" : 0.30617094039916992,
  "spec/lib/return_fields_params_spec.rb" : 0.1100471019744873,
  "spec/api/groups/permissions_spec.rb" : 1.6305420398712158,
  "spec/services/reports/update_item_from_webhook_spec.rb" : 0.50500702857971191,
  "spec/services/inventory/formula_validator_spec.rb" : 7.5140359401702881,
  "spec/models/inventory/field_spec.rb" : 4.0326201915740967,
  "spec/services/reports/clusterize_items_spec.rb" : 2.897346019744873,
  "spec/models/inventory/item_data_spec.rb" : 1.2747771739959717,
  "spec/models/step_spec.rb" : 0.13314652442932129,
  "spec/models/cases_log_entry_spec.rb" : 0.042464256286621094,
  "spec/api/reports/categories_spec.rb" : 8.346778392791748,
  "spec/services/reports/update_item_status_spec.rb" : 1.7442119121551514,
  "spec/models/reports/category_spec.rb" : 0.46833968162536621,
  "spec/models/inventory/formula_alert_spec.rb" : 1.6470739841461182,
  "spec/services/reports/notify_user_spec.rb" : 1.3368716239929199,
  "spec/api/flows/steps_spec.rb" : 42.143166780471802,
  "spec/models/group_spec.rb" : 0.38042020797729492,
  "spec/api/inventory/statuses_spec.rb" : 1.7723791599273682,
  "spec/services/inventory/create_item_from_category_form_spec.rb" : 1.5705475807189941,
  "spec/api/cases_spec.rb" : 354.71279907226562,
  "spec/api/flows_spec.rb" : 55.539599895477295,
  "spec/services/inventory/item_locking_spec.rb" : 3.0389168262481689,
  "spec/api/search/users_spec.rb" : 11.936426639556885,
  "spec/api/flows/steps/fields_spec.rb" : 41.606126546859741,
  "spec/services/inventory/update_status_with_formulas_spec.rb" : 3.1356635093688965,
  "spec/api/inventory/items_spec.rb" : 35.44668984413147,
  "spec/api/flows/steps/triggers/trigger_conditions_spec.rb" : 4.3226158618927002,
  "spec/models/inventory/item_spec.rb" : 1.8476319313049316,
  "spec/services/inventory/item_data_representer_spec.rb" : 8.9629278182983398,
  "spec/api/groups_spec.rb" : 8.8368148803710938,
  "spec/api/search/inventory/categories_spec.rb" : 1.4632031917572021,
  "spec/models/trigger_condition_spec.rb" : 0.037448883056640625,
  "spec/services/reports/get_stats_spec.rb" : 12.041573524475098,
  "spec/models/trigger_spec.rb" : 0.18118619918823242,
  "spec/services/inventory/create_form_for_category_spec.rb" : 1.731285572052002
}